guest_id,first_name,last_name,email,phone_number,check_in_date,check_out_date,room_id,room_type
1004657223764886,Alice,Brown,alice.brown@gmail.com,+33-845-8075,2024-10-06,2024-10-10,ST001,Standard
1008505084197309,Eve,Jones,eve.jones@gmail.com,+48-873-3866,2024-10-11,2024-10-15,ST001,Standard
1009984347265145,Alice,Miller,alice.miller@gmail.com,+44-366-6165,2024-10-05,2024-10-12,ST002,Standard
1010081662722034,Jane,Smith,jane.smith@gmail.com,+49-916-3945,2024-10-10,2024-10-22,ST002,Standard
1012162576262436,Charlie,Garcia,charlie.garcia@gmail.com,+44-497-2430,2024-09-28,2024-10-09,ST003,Standard
1015568416165785,Frank,Williams,frank.williams@gmail.com,+48-285-4486,2024-09-22,2024-09-26,ST003,Standard
1017643860247461,Frank,Davis,frank.davis@gmail.com,+31-543-2804,2024-09-19,2024-09-26,ST004,Standard
1018006347502106,Charlie,Jones,charlie.jones@gmail.com,+31-447-2269,2024-09-20,2024-09-23,ST004,Standard
1023294060885294,Helen,Miller,helen.miller@gmail.com,+33-717-6503,2024-09-22,2024-09-25,ST005,Standard
1026275449941837,Jane,Davis,jane.davis@gmail.com,+47-373-1636,2024-09-13,2024-09-19,ST005,Standard
1027368390363372,Alice,Williams,alice.williams@gmail.com,+34-540-6901,2024-10-04,2024-10-08,ST006,Standard
1032161053822353,Alice,Hernandez,alice.hernandez@gmail.com,+46-155-7673,2024-09-22,2024-09-26,ST006,Standard
1032361601129063,Eve,Brown,eve.brown@gmail.com,+49-620-3188,2024-10-12,2024-10-23,ST007,Standard
1033315125212836,Bob,Miller,bob.miller@gmail.com,+31-667-6575,2024-10-05,2024-10-19,ST007,Standard
1036926598710529,Charlie,Hernandez,charlie.hernandez@gmail.com,+44-758-8272,2024-10-01,2024-10-03,ST008,Standard
1047351244228387,Bob,Garcia,bob.garcia@gmail.com,+49-599-8455,2024-09-19,2024-09-24,ST008,Standard
1048177927746757,Frank,Johnson,frank.johnson@gmail.com,+47-663-9346,2024-09-18,2024-09-28,ST009,Standard
1051401467976716,Jane,Johnson,jane.johnson@gmail.com,+31-582-2606,2024-09-23,2024-10-02,ST009,Standard
1055556819837758,Charlie,Garcia,charlie.garcia@gmail.com,+34-463-6590,2024-09-28,2024-10-12,ST010,Standard
1060793589351626,Frank,Brown,frank.brown@gmail.com,+34-730-4982,2024-10-13,2024-10-18,ST010,Standard
1062853070319718,Frank,Garcia,frank.garcia@gmail.com,+33-978-9914,2024-10-03,2024-10-13,ST011,Standard
1063594487012987,Frank,Johnson,frank.johnson@gmail.com,+47-250-7809,2024-09-26,2024-10-03,ST011,Standard
1071076657483550,Grace,Brown,grace.brown@gmail.com,+47-518-4123,2024-09-18,2024-10-02,ST012,Standard
1076532635342050,Charlie,Brown,charlie.brown@gmail.com,+48-436-6812,2024-09-16,2024-09-26,ST012,Standard
1084510206677641,Bob,Garcia,bob.garcia@gmail.com,+44-720-4567,2024-09-28,2024-10-06,ST013,Standard
1085204519083535,Alice,Davis,alice.davis@gmail.com,+34-105-3679,2024-10-09,2024-10-15,ST013,Standard
1089110114000066,Frank,Garcia,frank.garcia@gmail.com,+44-798-7747,2024-09-18,2024-09-28,ST014,Standard
1091399952015653,Charlie,Hernandez,charlie.hernandez@gmail.com,+46-819-5568,2024-09-13,2024-09-27,ST014,Standard
1095221760080644,Charlie,Miller,charlie.miller@gmail.com,+34-596-3625,2024-09-27,2024-10-03,ST015,Standard
1104930703528887,Eve,Martinez,eve.martinez@gmail.com,+39-664-3609,2024-10-04,2024-10-10,ST015,Standard
1107444870391648,Diana,Johnson,diana.johnson@gmail.com,+33-238-8586,2024-10-05,2024-10-18,ST016,Standard
1107525358201396,Eve,Johnson,eve.johnson@gmail.com,+33-467-2928,2024-10-03,2024-10-05,ST016,Standard
1111124539497065,Helen,Johnson,helen.johnson@gmail.com,+47-755-2438,2024-09-23,2024-09-25,ST017,Standard
1112262657033625,Jane,Garcia,jane.garcia@gmail.com,+49-581-1896,2024-10-08,2024-10-19,ST017,Standard
1112601085862024,Frank,Smith,frank.smith@gmail.com,+33-907-8128,2024-10-09,2024-10-13,ST018,Standard
1112854017846351,Diana,Hernandez,diana.hernandez@gmail.com,+34-363-8366,2024-10-09,2024-10-21,ST018,Standard
1115734178339559,Eve,Hernandez,eve.hernandez@gmail.com,+39-339-2109,2024-09-14,2024-09-17,ST019,Standard
1121694653640546,Jane,Johnson,jane.johnson@gmail.com,+47-438-1378,2024-10-02,2024-10-04,ST019,Standard
1127415872480761,Frank,Johnson,frank.johnson@gmail.com,+33-474-2323,2024-09-22,2024-10-03,ST020,Standard
1134466745451465,Bob,Davis,bob.davis@gmail.com,+46-177-4597,2024-10-11,2024-10-19,ST020,Standard
1135318678876941,Charlie,Martinez,charlie.martinez@gmail.com,+33-909-2487,2024-09-22,2024-09-25,ST021,Standard
1136986803240157,Frank,Davis,frank.davis@gmail.com,+46-397-7898,2024-10-09,2024-10-17,ST021,Standard
1143304196952012,Jane,Hernandez,jane.hernandez@gmail.com,+31-484-7915,2024-09-17,2024-09-24,ST022,Standard
1145164694066675,Diana,Davis,diana.davis@gmail.com,+44-636-7355,2024-09-20,2024-09-30,ST022,Standard
1146351990864853,Diana,Johnson,diana.johnson@gmail.com,+33-155-7587,2024-10-11,2024-10-15,ST023,Standard
1147364354820562,Helen,Davis,helen.davis@gmail.com,+39-854-1081,2024-10-02,2024-10-07,ST023,Standard
1148363262293732,Bob,Williams,bob.williams@gmail.com,+34-848-8793,2024-09-30,2024-10-05,ST024,Standard
1153893354585985,Charlie,Davis,charlie.davis@gmail.com,+49-477-9822,2024-09-21,2024-10-04,ST024,Standard
1156517617275894,Eve,Williams,eve.williams@gmail.com,+46-787-8115,2024-09-23,2024-09-26,ST025,Standard
1160101337123100,Diana,Davis,diana.davis@gmail.com,+33-155-5738,2024-10-11,2024-10-20,ST025,Standard
1161528282545971,Eve,Williams,eve.williams@gmail.com,+34-879-9615,2024-10-13,2024-10-22,ST026,Standard
1168601960062313,Helen,Smith,helen.smith@gmail.com,+44-226-9227,2024-09-19,2024-09-26,ST026,Standard
1172976304938871,Alice,Davis,alice.davis@gmail.com,+34-585-6686,2024-10-01,2024-10-08,ST027,Standard
1173645479848534,Eve,Smith,eve.smith@gmail.com,+48-317-2958,2024-10-02,2024-10-05,ST027,Standard
1174286546924892,Charlie,Johnson,charlie.johnson@gmail.com,+49-621-2137,2024-09-21,2024-09-28,ST028,Standard
1175659021270061,Helen,Davis,helen.davis@gmail.com,+31-665-8721,2024-10-03,2024-10-08,ST028,Standard
1180229006207207,Alice,Martinez,alice.martinez@gmail.com,+31-675-3820,2024-09-30,2024-10-14,ST029,Standard
1181666641807047,John,Smith,john.smith@gmail.com,+33-839-4635,2024-09-24,2024-10-05,ST029,Standard
1185897585875910,Alice,Hernandez,alice.hernandez@gmail.com,+34-346-6126,2024-10-13,2024-10-23,ST030,Standard
1187357882022929,Alice,Martinez,alice.martinez@gmail.com,+31-205-3004,2024-09-28,2024-10-09,ST030,Standard
1188130360931332,Alice,Hernandez,alice.hernandez@gmail.com,+47-149-9761,2024-09-14,2024-09-22,ST031,Standard
1192566956995481,Bob,Smith,bob.smith@gmail.com,+39-463-7855,2024-10-05,2024-10-07,ST031,Standard
1194342256761354,Bob,Miller,bob.miller@gmail.com,+31-993-4996,2024-10-06,2024-10-18,ST032,Standard
1198467085257241,Grace,Johnson,grace.johnson@gmail.com,+34-424-4676,2024-09-18,2024-09-30,ST032,Standard
1200645715408296,Bob,Miller,bob.miller@gmail.com,+33-279-3081,2024-10-02,2024-10-09,ST033,Standard
1213154130994253,Grace,Williams,grace.williams@gmail.com,+48-962-4324,2024-09-28,2024-10-05,ST033,Standard
1220123889657692,Eve,Smith,eve.smith@gmail.com,+48-119-1976,2024-10-09,2024-10-23,ST034,Standard
1222297359746949,Grace,Brown,grace.brown@gmail.com,+49-107-3417,2024-10-02,2024-10-14,ST034,Standard
1225768352687827,Grace,Williams,grace.williams@gmail.com,+48-717-6032,2024-09-17,2024-09-21,ST035,Standard
1235646687417627,Frank,Jones,frank.jones@gmail.com,+31-487-2824,2024-10-03,2024-10-10,ST035,Standard
1235861893754899,John,Garcia,john.garcia@gmail.com,+31-727-7936,2024-09-30,2024-10-05,ST036,Standard
1236398886286820,Bob,Garcia,bob.garcia@gmail.com,+33-284-8529,2024-10-01,2024-10-10,ST036,Standard
1243702306425783,Bob,Davis,bob.davis@gmail.com,+34-102-8792,2024-09-17,2024-09-28,ST037,Standard
1245558431466590,Helen,Johnson,helen.johnson@gmail.com,+49-933-6938,2024-09-23,2024-10-02,ST037,Standard
1259116339253460,Alice,Davis,alice.davis@gmail.com,+47-774-1780,2024-09-29,2024-10-01,ST038,Standard
1275104272495345,Diana,Garcia,diana.garcia@gmail.com,+33-844-2935,2024-09-13,2024-09-27,ST038,Standard
1277688456944582,Frank,Smith,frank.smith@gmail.com,+49-272-8651,2024-10-02,2024-10-09,ST039,Standard
1286538015071467,Jane,Brown,jane.brown@gmail.com,+39-395-6001,2024-09-20,2024-10-01,ST039,Standard
1287641313441621,Charlie,Brown,charlie.brown@gmail.com,+47-538-4533,2024-10-05,2024-10-17,ST040,Standard
1288809889224900,Charlie,Smith,charlie.smith@gmail.com,+44-334-8441,2024-09-28,2024-09-30,ST040,Standard
1299914453949924,John,Garcia,john.garcia@gmail.com,+31-557-8851,2024-10-09,2024-10-13,ST041,Standard
1304467415125145,Diana,Jones,diana.jones@gmail.com,+48-362-3542,2024-09-29,2024-10-10,ST041,Standard
1312605606441384,Helen,Williams,helen.williams@gmail.com,+34-846-6170,2024-09-17,2024-09-30,ST042,Standard
1315631993862559,Eve,Davis,eve.davis@gmail.com,+33-850-7274,2024-09-24,2024-10-05,ST042,Standard
1318229585595467,John,Johnson,john.johnson@gmail.com,+39-512-8938,2024-09-27,2024-10-05,ST043,Standard
1318843760901174,Helen,Miller,helen.miller@gmail.com,+34-142-8200,2024-10-06,2024-10-13,ST043,Standard
1321434954287032,Frank,Davis,frank.davis@gmail.com,+33-264-5548,2024-09-27,2024-10-06,ST044,Standard
1326074779682380,Grace,Williams,grace.williams@gmail.com,+49-449-5339,2024-10-12,2024-10-16,ST044,Standard
1329611581751048,Helen,Jones,helen.jones@gmail.com,+47-655-5018,2024-09-13,2024-09-15,ST045,Standard
1330969457857239,Diana,Martinez,diana.martinez@gmail.com,+33-171-2318,2024-09-23,2024-10-02,ST045,Standard
1333575035247367,John,Johnson,john.johnson@gmail.com,+39-222-7805,2024-10-05,2024-10-14,ST046,Standard
1334086893180984,John,Hernandez,john.hernandez@gmail.com,+49-485-9355,2024-09-16,2024-09-23,ST046,Standard
1334100476837902,Bob,Martinez,bob.martinez@gmail.com,+34-115-3517,2024-09-28,2024-10-09,ST047,Standard
1336817061356735,Bob,Williams,bob.williams@gmail.com,+49-279-3178,2024-10-01,2024-10-10,ST047,Standard
1344308051343608,Alice,Jones,alice.jones@gmail.com,+49-639-5559,2024-10-07,2024-10-13,ST048,Standard
1357657208661995,John,Johnson,john.johnson@gmail.com,+34-149-7074,2024-10-03,2024-10-09,ST048,Standard
1361684036969737,Bob,Miller,bob.miller@gmail.com,+49-340-9093,2024-09-30,2024-10-09,ST049,Standard
1368720301493626,Diana,Hernandez,diana.hernandez@gmail.com,+47-171-7036,2024-09-25,2024-10-06,ST049,Standard
1368906030157449,Jane,Hernandez,jane.hernandez@gmail.com,+33-775-2437,2024-09-13,2024-09-18,ST050,Standard
1369043637730793,Jane,Hernandez,jane.hernandez@gmail.com,+49-979-6619,2024-09-27,2024-10-02,ST050,Standard
1369181405853341,Charlie,Davis,charlie.davis@gmail.com,+31-701-9746,2024-09-21,2024-09-23,ST051,Standard
1369714714560068,John,Davis,john.davis@gmail.com,+33-372-1322,2024-09-13,2024-09-18,ST051,Standard
1374937519811772,Helen,Johnson,helen.johnson@gmail.com,+48-204-4249,2024-09-22,2024-09-28,ST052,Standard
1380025147922846,Eve,Garcia,eve.garcia@gmail.com,+33-690-8184,2024-09-16,2024-09-30,ST052,Standard
1380062228634754,Diana,Hernandez,diana.hernandez@gmail.com,+39-902-1582,2024-09-19,2024-09-24,ST053,Standard
1380704363124102,Alice,Smith,alice.smith@gmail.com,+34-127-5473,2024-09-14,2024-09-23,ST053,Standard
1381143702428113,Diana,Smith,diana.smith@gmail.com,+33-237-7222,2024-10-11,2024-10-24,ST054,Standard
1382319994962806,Bob,Brown,bob.brown@gmail.com,+39-520-3454,2024-10-09,2024-10-15,ST054,Standard
1383955064184866,John,Brown,john.brown@gmail.com,+46-160-1217,2024-10-08,2024-10-13,ST055,Standard
1388852620806215,Diana,Hernandez,diana.hernandez@gmail.com,+46-578-6223,2024-09-25,2024-10-02,ST055,Standard
1402052975670755,Helen,Smith,helen.smith@gmail.com,+47-280-9349,2024-09-20,2024-09-24,ST056,Standard
1408556547173862,Helen,Hernandez,helen.hernandez@gmail.com,+48-535-8344,2024-09-26,2024-10-06,ST056,Standard
1415022081262074,Grace,Williams,grace.williams@gmail.com,+44-534-6322,2024-09-15,2024-09-19,ST057,Standard
1422570587069746,Diana,Jones,diana.jones@gmail.com,+48-290-9754,2024-10-11,2024-10-18,ST057,Standard
1424509841836161,Diana,Johnson,diana.johnson@gmail.com,+33-135-1581,2024-09-29,2024-10-03,ST058,Standard
1425183090199987,Alice,Miller,alice.miller@gmail.com,+31-836-8555,2024-09-18,2024-09-22,ST058,Standard
1425924592067321,Jane,Jones,jane.jones@gmail.com,+44-131-6510,2024-09-28,2024-10-04,ST059,Standard
1427644564461292,Eve,Miller,eve.miller@gmail.com,+48-318-3553,2024-10-12,2024-10-25,ST059,Standard
1428181831578045,Bob,Smith,bob.smith@gmail.com,+46-103-6995,2024-10-11,2024-10-21,ST060,Standard
1432030755360306,Alice,Garcia,alice.garcia@gmail.com,+34-465-3611,2024-09-20,2024-09-24,ST060,Standard
1432926961353483,Charlie,Martinez,charlie.martinez@gmail.com,+33-897-4986,2024-10-04,2024-10-18,ST061,Standard
1440197934133341,Frank,Brown,frank.brown@gmail.com,+39-728-3325,2024-09-18,2024-09-26,ST061,Standard
1442742907259141,Bob,Johnson,bob.johnson@gmail.com,+33-327-4034,2024-10-08,2024-10-22,ST062,Standard
1446063965050887,Diana,Brown,diana.brown@gmail.com,+49-711-2155,2024-10-10,2024-10-19,ST062,Standard
1446617425081033,Frank,Johnson,frank.johnson@gmail.com,+39-117-8455,2024-10-13,2024-10-24,ST063,Standard
1446662852472850,Frank,Miller,frank.miller@gmail.com,+48-597-1842,2024-10-01,2024-10-08,ST063,Standard
1453184529046615,Helen,Martinez,helen.martinez@gmail.com,+48-768-9414,2024-10-02,2024-10-08,ST064,Standard
1454818234349547,Alice,Hernandez,alice.hernandez@gmail.com,+48-490-7931,2024-09-27,2024-10-10,ST064,Standard
1459459264755689,Helen,Miller,helen.miller@gmail.com,+44-504-1792,2024-10-10,2024-10-14,ST065,Standard
1459960244090155,Diana,Miller,diana.miller@gmail.com,+48-998-9742,2024-10-06,2024-10-20,ST065,Standard
1466504649832780,Helen,Davis,helen.davis@gmail.com,+33-338-2990,2024-09-27,2024-10-01,ST066,Standard
1471189685447600,Alice,Williams,alice.williams@gmail.com,+33-726-2116,2024-09-16,2024-09-25,ST066,Standard
1472783796706713,Diana,Smith,diana.smith@gmail.com,+39-836-1873,2024-10-02,2024-10-07,ST067,Standard
1474177006517075,Grace,Davis,grace.davis@gmail.com,+48-239-8099,2024-10-07,2024-10-12,ST067,Standard
1481257058738964,Grace,Miller,grace.miller@gmail.com,+34-589-9571,2024-09-28,2024-10-04,ST068,Standard
1481784888557088,Diana,Garcia,diana.garcia@gmail.com,+39-849-5013,2024-09-15,2024-09-29,ST068,Standard
1502965197776916,Eve,Hernandez,eve.hernandez@gmail.com,+49-348-8385,2024-09-16,2024-09-24,ST069,Standard
1505094079497024,Jane,Davis,jane.davis@gmail.com,+49-169-6853,2024-09-30,2024-10-02,ST069,Standard
1509498037811225,John,Smith,john.smith@gmail.com,+33-612-9512,2024-10-12,2024-10-23,ST070,Standard
1513053476653998,Eve,Johnson,eve.johnson@gmail.com,+49-541-1532,2024-10-04,2024-10-12,ST070,Standard
1515332725050743,Bob,Williams,bob.williams@gmail.com,+44-645-7502,2024-09-30,2024-10-10,ST071,Standard
1521142436516861,Jane,Hernandez,jane.hernandez@gmail.com,+34-359-3181,2024-10-12,2024-10-26,ST071,Standard
1524489231311393,Grace,Smith,grace.smith@gmail.com,+34-670-8371,2024-10-05,2024-10-10,ST072,Standard
1526111385334364,Alice,Johnson,alice.johnson@gmail.com,+34-736-5520,2024-09-19,2024-09-24,ST072,Standard
1538025644750981,Jane,Brown,jane.brown@gmail.com,+46-849-4077,2024-09-20,2024-09-22,ST073,Standard
1552620000409802,Charlie,Miller,charlie.miller@gmail.com,+33-528-5443,2024-10-05,2024-10-09,ST073,Standard
1553601575040624,Diana,Garcia,diana.garcia@gmail.com,+49-988-8935,2024-09-17,2024-09-23,ST074,Standard
1565165895842047,Helen,Garcia,helen.garcia@gmail.com,+48-647-4976,2024-10-12,2024-10-25,ST074,Standard
1571652021758950,Alice,Brown,alice.brown@gmail.com,+44-231-6495,2024-09-17,2024-09-25,ST075,Standard
1572922967602681,Diana,Davis,diana.davis@gmail.com,+47-325-5063,2024-10-08,2024-10-17,ST075,Standard
1582118776355286,Frank,Martinez,frank.martinez@gmail.com,+33-385-5146,2024-10-02,2024-10-04,ST076,Standard
1586332463119968,Bob,Johnson,bob.johnson@gmail.com,+31-290-7295,2024-09-30,2024-10-07,ST076,Standard
1592965203129941,Diana,Davis,diana.davis@gmail.com,+44-283-3149,2024-10-07,2024-10-12,ST077,Standard
1595238603026979,Jane,Davis,jane.davis@gmail.com,+47-939-9335,2024-10-06,2024-10-20,ST077,Standard
1600640363624751,Diana,Hernandez,diana.hernandez@gmail.com,+33-472-4690,2024-09-20,2024-09-26,ST078,Standard
1619637045562667,John,Smith,john.smith@gmail.com,+39-679-2399,2024-10-13,2024-10-23,ST078,Standard
1626804878979905,Frank,Williams,frank.williams@gmail.com,+33-990-6474,2024-09-21,2024-09-23,ST079,Standard
1629414281187035,John,Brown,john.brown@gmail.com,+33-849-8354,2024-10-09,2024-10-18,ST079,Standard
1630104729944069,Charlie,Garcia,charlie.garcia@gmail.com,+46-488-4840,2024-10-01,2024-10-11,ST080,Standard
1645022465486751,Diana,Miller,diana.miller@gmail.com,+49-836-9929,2024-09-16,2024-09-24,ST080,Standard
1652332369701185,Charlie,Garcia,charlie.garcia@gmail.com,+46-760-3959,2024-10-07,2024-10-12,ST081,Standard
1665965321279287,Diana,Jones,diana.jones@gmail.com,+34-604-9966,2024-10-11,2024-10-18,ST081,Standard
1676829321617260,Frank,Brown,frank.brown@gmail.com,+31-105-4291,2024-09-23,2024-09-29,ST082,Standard
1680983406297671,Frank,Brown,frank.brown@gmail.com,+47-188-3644,2024-10-07,2024-10-18,ST082,Standard
1686805032859296,Frank,Williams,frank.williams@gmail.com,+33-494-1546,2024-09-30,2024-10-02,ST083,Standard
1687557757517444,Diana,Williams,diana.williams@gmail.com,+44-275-8882,2024-09-13,2024-09-19,ST083,Standard
1690019671561880,Jane,Smith,jane.smith@gmail.com,+47-251-9135,2024-10-10,2024-10-23,ST084,Standard
1707443178539174,Helen,Jones,helen.jones@gmail.com,+44-163-4784,2024-09-22,2024-10-04,ST084,Standard
1711031227833196,Helen,Jones,helen.jones@gmail.com,+39-618-8165,2024-10-04,2024-10-11,ST085,Standard
1715585872324720,Helen,Brown,helen.brown@gmail.com,+33-219-6874,2024-09-26,2024-10-08,ST085,Standard
1720586623682460,Frank,Smith,frank.smith@gmail.com,+31-225-2607,2024-09-19,2024-09-26,ST086,Standard
1723756624127461,Grace,Hernandez,grace.hernandez@gmail.com,+33-958-1841,2024-09-29,2024-10-12,ST086,Standard
1724435357996896,Bob,Brown,bob.brown@gmail.com,+49-693-8178,2024-09-27,2024-10-08,ST087,Standard
1726508100572702,Grace,Davis,grace.davis@gmail.com,+33-119-3684,2024-10-01,2024-10-05,ST087,Standard
1728649771592061,Bob,Martinez,bob.martinez@gmail.com,+34-939-7603,2024-09-24,2024-10-06,ST088,Standard
1729236313897027,Bob,Smith,bob.smith@gmail.com,+34-421-5869,2024-09-25,2024-10-05,ST088,Standard
1729879524721188,John,Smith,john.smith@gmail.com,+46-420-8958,2024-10-10,2024-10-22,ST089,Standard
1732058402983599,Eve,Williams,eve.williams@gmail.com,+39-912-6632,2024-09-17,2024-09-24,ST089,Standard
1732144437764057,Diana,Smith,diana.smith@gmail.com,+46-427-3352,2024-10-03,2024-10-05,ST090,Standard
1738153407222125,Charlie,Davis,charlie.davis@gmail.com,+33-768-7432,2024-09-23,2024-10-01,ST090,Standard
1740514879948927,Eve,Smith,eve.smith@gmail.com,+44-839-9841,2024-09-17,2024-09-24,TW001,Twin
1742243949978210,Diana,Smith,diana.smith@gmail.com,+39-547-4041,2024-10-09,2024-10-19,TW001,Twin
1748867491810966,John,Jones,john.jones@gmail.com,+31-251-9897,2024-10-10,2024-10-12,TW002,Twin
1750657175516996,Helen,Brown,helen.brown@gmail.com,+49-643-9920,2024-10-09,2024-10-22,TW002,Twin
1751994322407028,Diana,Smith,diana.smith@gmail.com,+33-352-3732,2024-09-15,2024-09-20,TW003,Twin
1755764685321984,Grace,Williams,grace.williams@gmail.com,+47-640-3461,2024-09-16,2024-09-25,TW003,Twin
1758059860618078,Charlie,Martinez,charlie.martinez@gmail.com,+39-383-6365,2024-09-29,2024-10-12,TW004,Twin
1772416775556548,Jane,Hernandez,jane.hernandez@gmail.com,+31-437-2202,2024-09-23,2024-09-30,TW004,Twin
1772945300137770,Eve,Johnson,eve.johnson@gmail.com,+46-585-5523,2024-10-06,2024-10-10,TW005,Twin
1776699209892142,Jane,Hernandez,jane.hernandez@gmail.com,+49-314-9786,2024-10-10,2024-10-22,TW005,Twin
1780304238173518,Charlie,Johnson,charlie.johnson@gmail.com,+39-827-1214,2024-09-20,2024-09-30,TW006,Twin
1791983828851547,Frank,Brown,frank.brown@gmail.com,+49-376-8456,2024-10-02,2024-10-09,TW006,Twin
1795633727613308,Grace,Brown,grace.brown@gmail.com,+39-737-8297,2024-09-22,2024-09-25,TW007,Twin
1805025366354698,Diana,Williams,diana.williams@gmail.com,+33-292-7604,2024-10-11,2024-10-25,TW007,Twin
1808355619647202,Alice,Garcia,alice.garcia@gmail.com,+39-137-7883,2024-10-02,2024-10-09,TW008,Twin
1812274134021150,Eve,Davis,eve.davis@gmail.com,+44-763-9345,2024-10-03,2024-10-10,TW008,Twin
1812548957695750,Bob,Miller,bob.miller@gmail.com,+47-938-4811,2024-10-02,2024-10-16,TW009,Twin
1813219073681882,Diana,Davis,diana.davis@gmail.com,+46-882-8342,2024-09-16,2024-09-29,TW009,Twin
1820620306954957,Jane,Smith,jane.smith@gmail.com,+48-717-3196,2024-10-10,2024-10-19,TW010,Twin
1823016715263394,Eve,Martinez,eve.martinez@gmail.com,+33-890-7241,2024-09-23,2024-10-07,TW010,Twin
1824045364134169,Grace,Williams,grace.williams@gmail.com,+48-331-4262,2024-10-08,2024-10-10,TW011,Twin
1825935042451829,Alice,Hernandez,alice.hernandez@gmail.com,+33-264-3172,2024-10-05,2024-10-16,TW011,Twin
1842526988208053,Charlie,Miller,charlie.miller@gmail.com,+44-248-6096,2024-09-28,2024-10-03,TW012,Twin
1848135706899139,Eve,Jones,eve.jones@gmail.com,+34-932-3405,2024-09-15,2024-09-20,TW012,Twin
1848688022984063,Charlie,Garcia,charlie.garcia@gmail.com,+39-577-9598,2024-09-18,2024-09-23,TW013,Twin
1851015518659533,John,Martinez,john.martinez@gmail.com,+46-591-9650,2024-10-01,2024-10-10,TW013,Twin
1852459434434092,Bob,Jones,bob.jones@gmail.com,+34-609-5971,2024-09-16,2024-09-25,TW014,Twin
1852743057879824,Helen,Johnson,helen.johnson@gmail.com,+48-915-8081,2024-09-28,2024-10-09,TW014,Twin
1873464181452025,John,Johnson,john.johnson@gmail.com,+34-611-6872,2024-10-10,2024-10-17,TW015,Twin
1874715586503728,Grace,Martinez,grace.martinez@gmail.com,+46-671-2310,2024-10-06,2024-10-11,TW015,Twin
1875127361053809,Bob,Miller,bob.miller@gmail.com,+46-768-4963,2024-10-03,2024-10-12,TW016,Twin
1887148854262467,Eve,Johnson,eve.johnson@gmail.com,+31-262-8092,2024-10-04,2024-10-15,TW016,Twin
1893842153831774,John,Martinez,john.martinez@gmail.com,+48-972-8282,2024-09-15,2024-09-27,TW017,Twin
1896054114222460,John,Smith,john.smith@gmail.com,+44-991-1886,2024-10-04,2024-10-10,TW017,Twin
1916563553436151,Bob,Miller,bob.miller@gmail.com,+31-160-8936,2024-09-23,2024-09-30,TW018,Twin
1918901251979062,Alice,Davis,alice.davis@gmail.com,+33-440-1853,2024-09-30,2024-10-09,TW018,Twin
1919082380388017,Jane,Jones,jane.jones@gmail.com,+47-748-2007,2024-10-04,2024-10-06,TW019,Twin
1925717529691179,Helen,Hernandez,helen.hernandez@gmail.com,+33-203-8558,2024-10-04,2024-10-12,TW019,Twin
1926305960104062,Alice,Garcia,alice.garcia@gmail.com,+46-111-6914,2024-09-13,2024-09-24,TW020,Twin
1936609664854854,Jane,Garcia,jane.garcia@gmail.com,+34-613-8008,2024-09-27,2024-10-02,TW020,Twin
1938735459750425,Eve,Williams,eve.williams@gmail.com,+31-619-8612,2024-10-06,2024-10-15,TW021,Twin
1940286994049541,Grace,Williams,grace.williams@gmail.com,+39-106-7568,2024-10-05,2024-10-15,TW021,Twin
1945950533680361,Charlie,Johnson,charlie.johnson@gmail.com,+39-354-5772,2024-10-05,2024-10-13,TW022,Twin
1959916990311040,John,Jones,john.jones@gmail.com,+31-515-8625,2024-10-05,2024-10-18,TW022,Twin
1961097376123646,Helen,Garcia,helen.garcia@gmail.com,+46-823-2636,2024-09-23,2024-10-01,TW023,Twin
1962618883433549,Helen,Smith,helen.smith@gmail.com,+46-933-5904,2024-10-02,2024-10-13,TW023,Twin
1964341454436383,Charlie,Brown,charlie.brown@gmail.com,+48-408-7588,2024-10-05,2024-10-08,TW024,Twin
1966088160795917,Eve,Jones,eve.jones@gmail.com,+33-402-2895,2024-10-07,2024-10-12,TW024,Twin
1969063012005213,Alice,Martinez,alice.martinez@gmail.com,+33-339-5498,2024-10-13,2024-10-20,TW025,Twin
1970362800971957,Jane,Garcia,jane.garcia@gmail.com,+46-959-1300,2024-10-02,2024-10-14,TW025,Twin
1974668298576377,Jane,Williams,jane.williams@gmail.com,+39-355-6596,2024-10-06,2024-10-14,TW026,Twin
1975236313741541,Grace,Brown,grace.brown@gmail.com,+49-303-6799,2024-10-10,2024-10-14,TW026,Twin
1976190429995526,Alice,Miller,alice.miller@gmail.com,+44-505-4980,2024-09-28,2024-10-09,TW027,Twin
1987128083855567,Grace,Davis,grace.davis@gmail.com,+33-523-5306,2024-09-15,2024-09-24,TW027,Twin
1991977490031238,Frank,Hernandez,frank.hernandez@gmail.com,+34-987-7025,2024-10-11,2024-10-24,TW028,Twin
1992768680470386,Grace,Williams,grace.williams@gmail.com,+48-362-4227,2024-09-17,2024-09-19,TW028,Twin
1993904363336091,Frank,Williams,frank.williams@gmail.com,+46-660-9261,2024-10-04,2024-10-15,TW029,Twin
1994899121888592,Alice,Miller,alice.miller@gmail.com,+31-247-9061,2024-09-29,2024-10-03,TW029,Twin
2002623252202696,Frank,Martinez,frank.martinez@gmail.com,+33-715-2236,2024-09-15,2024-09-23,TW030,Twin
2004697073871817,Charlie,Davis,charlie.davis@gmail.com,+31-544-6744,2024-09-18,2024-09-21,TW030,Twin
2006931623326345,John,Jones,john.jones@gmail.com,+49-494-1086,2024-10-13,2024-10-19,TW031,Twin
2008519029173263,Bob,Garcia,bob.garcia@gmail.com,+33-388-7934,2024-09-28,2024-10-08,TW031,Twin
2009996032873494,Helen,Smith,helen.smith@gmail.com,+49-539-4080,2024-09-23,2024-10-03,TW032,Twin
2011814462721164,Grace,Johnson,grace.johnson@gmail.com,+46-311-5645,2024-10-04,2024-10-17,TW032,Twin
2012529450232252,Diana,Williams,diana.williams@gmail.com,+46-712-1518,2024-09-18,2024-09-28,TW033,Twin
2014933069256063,John,Hernandez,john.hernandez@gmail.com,+46-601-5689,2024-10-05,2024-10-08,TW033,Twin
2023170397002164,Frank,Smith,frank.smith@gmail.com,+44-696-7267,2024-09-25,2024-09-27,TW034,Twin
2026960820282798,John,Garcia,john.garcia@gmail.com,+47-760-3141,2024-09-29,2024-10-03,TW034,Twin
2029058814716424,Charlie,Garcia,charlie.garcia@gmail.com,+49-702-9268,2024-10-09,2024-10-13,TW035,Twin
2030226319637955,Bob,Johnson,bob.johnson@gmail.com,+34-521-4788,2024-09-21,2024-10-01,TW035,Twin
2039500075242365,John,Brown,john.brown@gmail.com,+34-207-2313,2024-10-06,2024-10-20,TW036,Twin
2044644905900028,John,Hernandez,john.hernandez@gmail.com,+44-766-2996,2024-10-08,2024-10-15,TW036,Twin
2051386662869220,Diana,Brown,diana.brown@gmail.com,+47-680-4004,2024-10-04,2024-10-16,TW037,Twin
2056056310614757,Jane,Jones,jane.jones@gmail.com,+46-483-3633,2024-10-13,2024-10-19,TW037,Twin
2056710541227790,Diana,Johnson,diana.johnson@gmail.com,+46-857-3690,2024-10-07,2024-10-11,TW038,Twin
2068022661424309,John,Williams,john.williams@gmail.com,+31-452-3103,2024-10-02,2024-10-11,TW038,Twin
2070765040285533,Charlie,Smith,charlie.smith@gmail.com,+48-783-3440,2024-10-08,2024-10-19,TW039,Twin
2071433978330627,Charlie,Williams,charlie.williams@gmail.com,+31-195-7961,2024-09-16,2024-09-18,TW039,Twin
2071700381916857,Diana,Garcia,diana.garcia@gmail.com,+46-551-2209,2024-09-13,2024-09-23,TW040,Twin
2073290129356343,Diana,Smith,diana.smith@gmail.com,+33-982-6672,2024-09-21,2024-10-01,TW040,Twin
2082149477875608,Charlie,Miller,charlie.miller@gmail.com,+39-992-5575,2024-09-30,2024-10-05,TW041,Twin
2091917234558895,Charlie,Davis,charlie.davis@gmail.com,+34-965-1829,2024-09-18,2024-09-20,TW041,Twin
2092527877376914,Charlie,Miller,charlie.miller@gmail.com,+47-974-9876,2024-10-03,2024-10-05,TW042,Twin
2092963313955896,Helen,Brown,helen.brown@gmail.com,+34-782-2189,2024-10-08,2024-10-16,TW042,Twin
2094673043490568,Jane,Davis,jane.davis@gmail.com,+31-436-3643,2024-10-02,2024-10-04,TW043,Twin
2107967753426924,Diana,Garcia,diana.garcia@gmail.com,+49-323-5970,2024-10-05,2024-10-07,TW043,Twin
2111763525127652,Frank,Garcia,frank.garcia@gmail.com,+31-971-3815,2024-09-17,2024-09-28,TW044,Twin
2112095771375738,Charlie,Johnson,charlie.johnson@gmail.com,+49-958-6195,2024-09-27,2024-10-06,TW044,Twin
2115050969915347,Grace,Brown,grace.brown@gmail.com,+48-730-9461,2024-09-21,2024-10-01,TW045,Twin
2120993166107506,Diana,Garcia,diana.garcia@gmail.com,+34-328-3131,2024-09-15,2024-09-21,TW045,Twin
2123337291862660,Jane,Martinez,jane.martinez@gmail.com,+44-817-1175,2024-09-18,2024-10-02,TW046,Twin
2128941651863171,Grace,Williams,grace.williams@gmail.com,+47-451-2823,2024-10-06,2024-10-11,TW046,Twin
2131867515172492,Charlie,Smith,charlie.smith@gmail.com,+33-423-6540,2024-09-27,2024-10-08,TW047,Twin
2132213626063106,Helen,Martinez,helen.martinez@gmail.com,+39-325-8309,2024-10-10,2024-10-21,TW047,Twin
2138266445483301,John,Davis,john.davis@gmail.com,+46-463-3759,2024-09-28,2024-09-30,TW048,Twin
2140707922029260,Bob,Brown,bob.brown@gmail.com,+49-619-8018,2024-10-04,2024-10-11,TW048,Twin
2142861041610247,John,Martinez,john.martinez@gmail.com,+49-395-1951,2024-10-11,2024-10-24,TW049,Twin
2157037935478776,Diana,Hernandez,diana.hernandez@gmail.com,+34-931-6941,2024-09-26,2024-10-07,TW049,Twin
2157843360477923,Diana,Miller,diana.miller@gmail.com,+31-632-2821,2024-10-03,2024-10-14,TW050,Twin
2159252195482086,Grace,Johnson,grace.johnson@gmail.com,+46-550-8002,2024-09-18,2024-09-20,TW050,Twin
2162592244247764,John,Garcia,john.garcia@gmail.com,+31-662-2713,2024-09-16,2024-09-23,TW051,Twin
2164887108265578,Helen,Miller,helen.miller@gmail.com,+33-749-2832,2024-09-17,2024-09-21,TW051,Twin
2176728152285967,Alice,Garcia,alice.garcia@gmail.com,+34-759-7467,2024-09-25,2024-09-29,TW052,Twin
2179002556540849,Bob,Jones,bob.jones@gmail.com,+46-235-1192,2024-10-07,2024-10-15,TW052,Twin
2181492476363248,Jane,Miller,jane.miller@gmail.com,+39-123-2538,2024-09-30,2024-10-11,TW053,Twin
2196408630893234,John,Smith,john.smith@gmail.com,+34-361-2092,2024-10-09,2024-10-20,TW053,Twin
2201558237363889,Alice,Smith,alice.smith@gmail.com,+31-351-5279,2024-10-04,2024-10-09,TW054,Twin
2207609485224205,Helen,Smith,helen.smith@gmail.com,+33-837-4949,2024-09-13,2024-09-18,TW054,Twin
2209888438703340,Jane,Brown,jane.brown@gmail.com,+47-951-8989,2024-09-20,2024-09-30,TW055,Twin
2219159267504892,Alice,Miller,alice.miller@gmail.com,+47-805-9068,2024-10-01,2024-10-08,TW055,Twin
2235217198824221,Bob,Smith,bob.smith@gmail.com,+34-371-3416,2024-09-19,2024-09-24,DE001,Deluxe
2259751610296552,Diana,Davis,diana.davis@gmail.com,+49-205-6715,2024-09-26,2024-10-10,DE001,Deluxe
2264828137082618,Charlie,Miller,charlie.miller@gmail.com,+33-508-1283,2024-10-09,2024-10-22,DE002,Deluxe
2267649743964247,Grace,Williams,grace.williams@gmail.com,+48-478-7536,2024-10-04,2024-10-15,DE002,Deluxe
2274058104270262,Charlie,Brown,charlie.brown@gmail.com,+49-778-8921,2024-09-15,2024-09-24,DE003,Deluxe
2274247380704724,Jane,Davis,jane.davis@gmail.com,+49-730-8955,2024-09-14,2024-09-27,DE003,Deluxe
2276396971076151,Grace,Williams,grace.williams@gmail.com,+47-911-4605,2024-09-27,2024-09-30,DE004,Deluxe
2279545898588301,Diana,Jones,diana.jones@gmail.com,+39-800-1826,2024-10-12,2024-10-14,DE004,Deluxe
2282611955153895,Helen,Hernandez,helen.hernandez@gmail.com,+31-499-7376,2024-09-19,2024-09-27,DE005,Deluxe
2285505974381342,Helen,Williams,helen.williams@gmail.com,+34-978-7808,2024-09-27,2024-10-09,DE005,Deluxe
2287196210382914,Grace,Johnson,grace.johnson@gmail.com,+47-941-3314,2024-09-19,2024-09-24,DE006,Deluxe
2289644164096034,Alice,Williams,alice.williams@gmail.com,+44-283-1563,2024-09-23,2024-09-25,DE006,Deluxe
2291027121598796,Frank,Smith,frank.smith@gmail.com,+39-390-8507,2024-10-02,2024-10-08,DE007,Deluxe
2291550755689123,Eve,Garcia,eve.garcia@gmail.com,+48-638-4398,2024-09-20,2024-09-22,DE007,Deluxe
2297015422766751,Charlie,Jones,charlie.jones@gmail.com,+46-887-6237,2024-09-27,2024-09-29,DE008,Deluxe
2307967146942538,John,Johnson,john.johnson@gmail.com,+31-773-6270,2024-09-19,2024-09-28,DE008,Deluxe
2309108043575991,Eve,Davis,eve.davis@gmail.com,+39-621-3084,2024-09-29,2024-10-03,DE009,Deluxe
2314789794935377,Bob,Davis,bob.davis@gmail.com,+49-800-4630,2024-10-12,2024-10-18,DE009,Deluxe
2317734537762777,John,Jones,john.jones@gmail.com,+31-493-6651,2024-09-14,2024-09-22,DE010,Deluxe
2319658122483204,Frank,Garcia,frank.garcia@gmail.com,+39-462-8978,2024-09-18,2024-09-21,DE010,Deluxe
2323656364039098,Helen,Martinez,helen.martinez@gmail.com,+46-110-9391,2024-09-19,2024-10-03,FA001,Family Deluxe
2325542389151624,Alice,Davis,alice.davis@gmail.com,+33-603-1901,2024-10-06,2024-10-10,FA001,Family Deluxe
2330145599507629,Grace,Jones,grace.jones@gmail.com,+48-901-6573,2024-10-01,2024-10-03,FA001,Family Deluxe
2335157668189418,Eve,Williams,eve.williams@gmail.com,+46-802-3846,2024-10-06,2024-10-20,FA001,Family Deluxe
2338043912860137,Grace,Hernandez,grace.hernandez@gmail.com,+31-414-5019,2024-09-19,2024-09-25,FA002,Family Deluxe
2341506274635962,Grace,Williams,grace.williams@gmail.com,+46-175-9371,2024-09-27,2024-10-03,FA002,Family Deluxe
2343246026960691,Diana,Johnson,diana.johnson@gmail.com,+34-184-2926,2024-10-09,2024-10-13,FA002,Family Deluxe
2345033242447907,Jane,Hernandez,jane.hernandez@gmail.com,+47-158-4818,2024-10-09,2024-10-14,FA002,Family Deluxe
2349109646756046,Charlie,Johnson,charlie.johnson@gmail.com,+34-368-1792,2024-09-24,2024-09-28,FA003,Family Deluxe
2349497179795112,Jane,Smith,jane.smith@gmail.com,+34-100-5211,2024-09-18,2024-09-23,FA003,Family Deluxe
2353587386396266,John,Davis,john.davis@gmail.com,+47-863-2819,2024-09-13,2024-09-21,FA003,Family Deluxe
2361307865419433,Grace,Jones,grace.jones@gmail.com,+48-769-2241,2024-09-21,2024-10-02,FA003,Family Deluxe
2361593602031744,Alice,Hernandez,alice.hernandez@gmail.com,+34-350-2251,2024-09-18,2024-10-02,FA004,Family Deluxe
2361738165906270,Helen,Garcia,helen.garcia@gmail.com,+48-848-8565,2024-10-08,2024-10-15,FA004,Family Deluxe
2365699212364797,Eve,Johnson,eve.johnson@gmail.com,+39-469-6547,2024-09-27,2024-10-07,FA004,Family Deluxe
2367282485931947,Bob,Smith,bob.smith@gmail.com,+31-811-3651,2024-09-15,2024-09-19,FA004,Family Deluxe
2380300230755458,Diana,Brown,diana.brown@gmail.com,+47-214-8209,2024-10-10,2024-10-13,FA005,Family Deluxe
2380575519096764,Alice,Jones,alice.jones@gmail.com,+47-343-8583,2024-10-13,2024-10-19,FA005,Family Deluxe
2382171693964444,Grace,Martinez,grace.martinez@gmail.com,+39-261-8339,2024-09-23,2024-10-07,FA005,Family Deluxe
2384627114675081,Diana,Miller,diana.miller@gmail.com,+47-168-1973,2024-09-23,2024-10-01,FA005,Family Deluxe
2385723964000328,John,Johnson,john.johnson@gmail.com,+49-730-2942,2024-09-19,2024-09-24,FA006,Family Deluxe
2385942396084351,Eve,Martinez,eve.martinez@gmail.com,+39-582-4776,2024-10-08,2024-10-16,FA006,Family Deluxe
2387206455251300,John,Jones,john.jones@gmail.com,+44-311-5929,2024-09-30,2024-10-14,FA006,Family Deluxe
2390427225277241,Grace,Smith,grace.smith@gmail.com,+33-124-1488,2024-09-13,2024-09-17,FA006,Family Deluxe
2392753521922469,Diana,Davis,diana.davis@gmail.com,+31-172-7703,2024-10-01,2024-10-05,FA007,Family Deluxe
2392982638484988,Helen,Smith,helen.smith@gmail.com,+39-201-2155,2024-09-16,2024-09-22,FA007,Family Deluxe
2393509759396301,Eve,Hernandez,eve.hernandez@gmail.com,+46-844-3339,2024-10-04,2024-10-09,FA007,Family Deluxe
2393522541474579,Diana,Johnson,diana.johnson@gmail.com,+48-915-8893,2024-10-10,2024-10-20,FA007,Family Deluxe
2394929900471930,Eve,Johnson,eve.johnson@gmail.com,+49-745-7595,2024-09-24,2024-09-29,FA008,Family Deluxe
2395799246349405,Bob,Davis,bob.davis@gmail.com,+49-864-6834,2024-09-19,2024-10-01,FA008,Family Deluxe
2398333552079431,Bob,Davis,bob.davis@gmail.com,+39-100-4158,2024-10-10,2024-10-14,FA008,Family Deluxe
2400342838236816,Jane,Smith,jane.smith@gmail.com,+49-434-3167,2024-09-27,2024-10-05,FA008,Family Deluxe
2400644486706898,Jane,Jones,jane.jones@gmail.com,+48-993-8651,2024-09-14,2024-09-17,FA009,Family Deluxe
2401396816035726,Frank,Smith,frank.smith@gmail.com,+33-351-7505,2024-09-29,2024-10-12,FA009,Family Deluxe
2425793334060992,Eve,Smith,eve.smith@gmail.com,+49-334-8382,2024-10-11,2024-10-15,FA009,Family Deluxe
2428161259716702,Bob,Martinez,bob.martinez@gmail.com,+49-997-2065,2024-10-08,2024-10-18,FA009,Family Deluxe
2431140475001601,Eve,Miller,eve.miller@gmail.com,+46-295-3017,2024-09-14,2024-09-23,FA010,Family Deluxe
2433065097034540,Alice,Hernandez,alice.hernandez@gmail.com,+34-377-9811,2024-10-01,2024-10-05,FA010,Family Deluxe
2450592732012953,Diana,Miller,diana.miller@gmail.com,+39-270-6891,2024-09-18,2024-09-21,FA010,Family Deluxe
2451016316642263,Eve,Jones,eve.jones@gmail.com,+39-217-9984,2024-10-08,2024-10-17,FA010,Family Deluxe
2460845143702143,Charlie,Garcia,charlie.garcia@gmail.com,+49-991-8625,2024-09-16,2024-09-24,FA011,Family Deluxe
2463453512152971,Grace,Johnson,grace.johnson@gmail.com,+34-331-1950,2024-10-02,2024-10-04,FA011,Family Deluxe
2465842016391378,Grace,Smith,grace.smith@gmail.com,+39-372-2322,2024-10-01,2024-10-15,FA011,Family Deluxe
2468197315672204,Diana,Garcia,diana.garcia@gmail.com,+49-555-5956,2024-09-26,2024-10-08,FA011,Family Deluxe
2475007382089469,Bob,Garcia,bob.garcia@gmail.com,+31-982-5122,2024-09-27,2024-09-30,FA012,Family Deluxe
2478559322231480,Grace,Johnson,grace.johnson@gmail.com,+31-704-1492,2024-09-29,2024-10-07,FA012,Family Deluxe
2480669208078470,Bob,Hernandez,bob.hernandez@gmail.com,+47-978-9754,2024-09-24,2024-10-07,FA012,Family Deluxe
2480922618833468,Bob,Martinez,bob.martinez@gmail.com,+33-416-8984,2024-09-23,2024-10-07,FA012,Family Deluxe
2486915657159430,Helen,Johnson,helen.johnson@gmail.com,+44-721-7968,2024-09-29,2024-10-11,SU001,Suite
2493716851862224,John,Davis,john.davis@gmail.com,+48-687-8707,2024-10-03,2024-10-11,SU001,Suite
2494405238134023,Bob,Brown,bob.brown@gmail.com,+39-472-9075,2024-09-18,2024-09-23,SU002,Suite
2497432137110660,Bob,Jones,bob.jones@gmail.com,+44-945-8589,2024-09-18,2024-10-01,SU002,Suite
2500609880962244,Helen,Brown,helen.brown@gmail.com,+44-483-3880,2024-10-11,2024-10-14,SU003,Suite
2504148294612190,Charlie,Martinez,charlie.martinez@gmail.com,+46-772-5181,2024-10-05,2024-10-14,SU003,Suite
2504195350509162,Jane,Garcia,jane.garcia@gmail.com,+33-316-1089,2024-10-04,2024-10-18,SU004,Suite
2514719668277806,Frank,Smith,frank.smith@gmail.com,+39-278-7816,2024-09-18,2024-10-01,SU004,Suite
2517878128898137,Diana,Miller,diana.miller@gmail.com,+46-933-1543,2024-09-29,2024-10-12,SU005,Suite
2520485542522996,Bob,Garcia,bob.garcia@gmail.com,+48-227-7729,2024-09-17,2024-10-01,SU005,Suite
2520837559335271,Grace,Hernandez,grace.hernandez@gmail.com,+31-528-9291,2024-09-27,2024-09-29,SU006,Suite
2524378203431733,Bob,Garcia,bob.garcia@gmail.com,+44-560-9943,2024-09-28,2024-10-10,SU006,Suite
2528827596840121,Jane,Garcia,jane.garcia@gmail.com,+46-840-2406,2024-09-13,2024-09-18,AC001,Accessible
2529359814604161,Diana,Garcia,diana.garcia@gmail.com,+47-677-5749,2024-09-20,2024-09-22,AC001,Accessible
2530936834705556,Grace,Jones,grace.jones@gmail.com,+47-702-4659,2024-09-27,2024-10-07,AC002,Accessible
2535802915867053,Bob,Smith,bob.smith@gmail.com,+47-209-2150,2024-09-29,2024-10-01,AC002,Accessible
2537507524121443,Diana,Jones,diana.jones@gmail.com,+48-346-8117,2024-10-07,2024-10-18,AC003,Accessible
2538769463960710,Jane,Smith,jane.smith@gmail.com,+39-244-3579,2024-09-28,2024-10-09,AC003,Accessible
1078237840293562,Bob,Martinez,bob.martinez@gmail.com,+34-526-7293,2024-12-11,2024-12-17,ST009,Standard
2740446635215610,Charlie,Hernandez,charlie.hernandez@gmail.com,+49-640-9710,2024-12-12,2024-12-18,ST012,Standard
3889276551707850,John,Brown,john.brown@gmail.com,+49-702-2296,2024-12-12,2024-12-18,ST012,Standard
3939181557162334,Grace,Davis,grace.davis@gmail.com,+46-122-8781,2024-12-09,2024-12-18,ST014,Standard
1448421310794341,John,Davis,john.davis@gmail.com,+47-620-3398,2024-12-10,2024-12-16,ST018,Standard
3037357240332211,Jane,Hernandez,jane.hernandez@gmail.com,+33-652-2853,2024-12-10,2024-12-16,ST018,Standard
1164754552351151,Alice,Williams,alice.williams@gmail.com,+39-369-9486,2024-12-08,2024-12-14,ST021,Standard
1411251641837444,Eve,Garcia,eve.garcia@gmail.com,+34-188-9135,2024-12-08,2024-12-14,ST021,Standard
2961904111067315,Frank,Martinez,frank.martinez@gmail.com,+49-520-5994,2024-12-09,2024-12-18,ST022,Standard
9304008487896058,Eve,Williams,eve.williams@gmail.com,+46-695-6299,2024-12-12,2024-12-16,ST023,Standard
1657632548667951,Frank,Martinez,frank.martinez@gmail.com,+44-408-2740,2024-12-09,2024-12-14,ST024,Standard
1345076154128439,Bob,Martinez,bob.martinez@gmail.com,+49-732-7107,2024-12-10,2024-12-18,ST025,Standard
2945839175104012,Alice,Garcia,alice.garcia@gmail.com,+31-751-2694,2024-12-09,2024-12-19,ST026,Standard
2854277871704841,Helen,Miller,helen.miller@gmail.com,+33-992-4123,2024-12-09,2024-12-19,ST026,Standard
5241443575507625,Grace,Smith,grace.smith@gmail.com,+44-863-7457,2024-12-12,2024-12-13,ST030,Standard
2918903129185973,Jane,Brown,jane.brown@gmail.com,+47-645-3521,2024-12-12,2024-12-13,ST030,Standard
2204908186668799,Charlie,Martinez,charlie.martinez@gmail.com,+34-440-6979,2024-12-12,2024-12-13,ST039,Standard
2661703975545750,Frank,Jones,frank.jones@gmail.com,+33-350-4845,2024-12-11,2024-12-14,ST041,Standard
2136425384871787,Bob,Garcia,bob.garcia@gmail.com,+44-261-8892,2024-12-11,2024-12-14,ST041,Standard
2038357485495761,Alice,Jones,alice.jones@gmail.com,+39-362-5205,2024-12-09,2024-12-13,ST047,Standard
1848203252593576,Charlie,Jones,charlie.jones@gmail.com,+46-663-9586,2024-12-09,2024-12-13,ST047,Standard
1855102699802083,Diana,Brown,diana.brown@gmail.com,+31-980-7850,2024-12-11,2024-12-15,ST050,Standard
8457171282826447,Bob,Davis,bob.davis@gmail.com,+47-150-9169,2024-12-11,2024-12-15,ST050,Standard
3035179041480468,Grace,Hernandez,grace.hernandez@gmail.com,+47-309-5004,2024-12-10,2024-12-17,ST053,Standard
2407808964289769,Jane,Garcia,jane.garcia@gmail.com,+39-693-6502,2024-12-08,2024-12-13,ST058,Standard
2872065547366408,Jane,Johnson,jane.johnson@gmail.com,+46-833-8235,2024-12-08,2024-12-13,ST058,Standard
2141241244017790,Helen,Davis,helen.davis@gmail.com,+47-398-3491,2024-12-08,2024-12-16,ST068,Standard
2849311463909921,Diana,Johnson,diana.johnson@gmail.com,+39-930-8163,2024-12-08,2024-12-16,ST068,Standard
1428146550189643,Bob,Smith,bob.smith@gmail.com,+31-660-5402,2024-12-09,2024-12-17,ST074,Standard
6745128486994549,Diana,Williams,diana.williams@gmail.com,+48-567-4300,2024-12-12,2024-12-14,ST077,Standard
2787515107559520,Grace,Garcia,grace.garcia@gmail.com,+33-487-6235,2024-12-12,2024-12-14,ST077,Standard
4802853167059262,Bob,Johnson,bob.johnson@gmail.com,+48-572-4599,2024-12-08,2024-12-16,ST078,Standard
1891498862726822,Alice,Hernandez,alice.hernandez@gmail.com,+46-565-6942,2024-12-08,2024-12-18,ST082,Standard
2343141390193114,Charlie,Martinez,charlie.martinez@gmail.com,+34-230-9286,2024-12-08,2024-12-18,ST082,Standard
2375557547115059,John,Hernandez,john.hernandez@gmail.com,+34-345-6308,2024-12-11,2024-12-15,ST083,Standard
1186277643885998,Alice,Smith,alice.smith@gmail.com,+44-804-8264,2024-12-08,2024-12-16,ST085,Standard
3329803618375631,Jane,Williams,jane.williams@gmail.com,+47-569-7764,2024-12-08,2024-12-16,ST085,Standard
1726426835869251,Diana,Garcia,diana.garcia@gmail.com,+46-566-6052,2024-12-08,2024-12-17,ST086,Standard
1054406891400407,Diana,Hernandez,diana.hernandez@gmail.com,+39-626-2227,2024-12-12,2024-12-17,ST087,Standard
1277462792721440,Helen,Johnson,helen.johnson@gmail.com,+39-222-3879,2024-12-08,2024-12-14,ST090,Standard
1345863059088555,Jane,Miller,jane.miller@gmail.com,+49-171-5492,2024-12-08,2024-12-14,ST090,Standard
3365988703901546,Eve,Hernandez,eve.hernandez@gmail.com,+44-565-9936,2024-12-10,2024-12-17,TW005,Twin
2117679959568584,Grace,Jones,grace.jones@gmail.com,+47-413-8887,2024-12-10,2024-12-15,TW007,Twin
3350984156345296,Charlie,Johnson,charlie.johnson@gmail.com,+31-140-3038,2024-12-09,2024-12-13,TW008,Twin
1167474467933464,Diana,Martinez,diana.martinez@gmail.com,+44-965-3466,2024-12-09,2024-12-13,TW008,Twin
2310223021462688,Alice,Brown,alice.brown@gmail.com,+39-302-6051,2024-12-11,2024-12-16,TW013,Twin
2433796123627769,Helen,Martinez,helen.martinez@gmail.com,+39-521-9718,2024-12-11,2024-12-16,TW013,Twin
6968058814093374,John,Martinez,john.martinez@gmail.com,+48-234-6289,2024-12-10,2024-12-15,TW025,Twin
2934690277020441,Diana,Jones,diana.jones@gmail.com,+44-611-1643,2024-12-12,2024-12-16,TW029,Twin
2575650746048889,Diana,Davis,diana.davis@gmail.com,+44-239-1507,2024-12-10,2024-12-13,TW039,Twin
2475839059085968,Frank,Martinez,frank.martinez@gmail.com,+49-264-7611,2024-12-10,2024-12-18,TW042,Twin
6442142166972411,Grace,Davis,grace.davis@gmail.com,+48-710-2150,2024-12-10,2024-12-18,TW042,Twin
2818589763970295,Eve,Davis,eve.davis@gmail.com,+44-125-8667,2024-12-11,2024-12-18,TW047,Twin
5453519729372087,Charlie,Smith,charlie.smith@gmail.com,+47-228-8468,2024-12-11,2024-12-18,TW047,Twin
2595931232653396,Eve,Jones,eve.jones@gmail.com,+48-946-5127,2024-12-10,2024-12-14,TW048,Twin
4386320934925237,Alice,Miller,alice.miller@gmail.com,+49-930-4040,2024-12-10,2024-12-14,TW048,Twin
2155499794249531,Grace,Smith,grace.smith@gmail.com,+34-119-3879,2024-12-12,2024-12-17,TW049,Twin
1817707147162785,Grace,Williams,grace.williams@gmail.com,+48-701-8995,2024-12-08,2024-12-19,TW050,Twin
2582608308857605,Charlie,Davis,charlie.davis@gmail.com,+44-523-3277,2024-12-08,2024-12-19,TW050,Twin
1222232649017545,Bob,Hernandez,bob.hernandez@gmail.com,+47-102-5752,2024-12-09,2024-12-17,TW051,Twin
8071256379354427,Charlie,Hernandez,charlie.hernandez@gmail.com,+47-577-1499,2024-12-08,2024-12-17,TW052,Twin
7598282882707081,Diana,Johnson,diana.johnson@gmail.com,+48-658-3164,2024-12-08,2024-12-17,TW052,Twin
2448748346720736,Bob,Brown,bob.brown@gmail.com,+49-382-9704,2024-12-11,2024-12-15,TW053,Twin
1900130836258730,Eve,Jones,eve.jones@gmail.com,+46-525-1604,2024-12-08,2024-12-15,DE007,Deluxe
1204566676067267,Frank,Jones,frank.jones@gmail.com,+34-972-3771,2024-12-08,2024-12-14,DE008,Deluxe
1964982547226022,John,Hernandez,john.hernandez@gmail.com,+33-849-2308,2024-12-09,2024-12-19,FA004,Family Deluxe
8398679429966409,Diana,Jones,diana.jones@gmail.com,+33-780-9575,2024-12-12,2024-12-15,FA006,Family Deluxe
2245774622301068,Frank,Martinez,frank.martinez@gmail.com,+49-210-1320,2024-12-12,2024-12-15,FA006,Family Deluxe
2004021689813428,John,Jones,john.jones@gmail.com,+39-918-1856,2024-12-12,2024-12-19,FA008,Family Deluxe
1457326854629434,Grace,Davis,grace.davis@gmail.com,+49-636-7696,2024-12-12,2024-12-19,FA008,Family Deluxe
1596304202811649,Diana,Jones,diana.jones@gmail.com,+49-119-2635,2024-12-11,2024-12-16,SU005,Suite
7121745731457865,Diana,Hernandez,diana.hernandez@gmail.com,+48-226-3823,2024-12-11,2024-12-16,SU005,Suite
